istante,bmo-carico-calibrazione.service:corrente_kb,bmo-carico-calibrazione.service:picco_kb,bmo-carico-calibrazione.service:oom,bmo-carico-calibrazione.service:oom_kill,bmo-carico.service:corrente_kb,bmo-carico.service:picco_kb,bmo-carico.service:oom,bmo-carico.service:oom_kill,bmo-face.service:corrente_kb,bmo-face.service:picco_kb,bmo-face.service:oom,bmo-face.service:oom_kill,temp_c,throttled_hex,throttled_bit,zram_usato_kb
1790714568.9,,,0,0,,,0,0,41100,42872,0,0,39.2,0x0,nessuno,0
1790714599.0,,,0,0,,,0,0,40308,42872,0,0,38.6,0x0,nessuno,0
1790714629.0,119524,130940,0,0,,,0,0,40876,42872,0,0,41.3,0x0,nessuno,32
1790714659.0,132168,210876,0,0,,,0,0,32404,42872,0,0,41.9,0x0,nessuno,1500
1790714689.0,173604,210876,0,0,,,0,0,33156,42872,0,0,41.9,0x0,nessuno,1440
1790714719.0,184940,211176,0,0,,,0,0,31872,42872,0,0,41.9,0x0,nessuno,11960
1790714749.0,188128,224000,0,0,,,0,0,22704,42872,0,0,41.9,0x0,nessuno,38900
1790714779.0,192192,224000,0,0,,,0,0,22364,42872,0,0,41.9,0x0,nessuno,35724
1790714809.0,201192,224000,0,0,,,0,0,22728,42872,0,0,42.9,0x0,nessuno,36144
1790714839.1,194684,224000,0,0,,,0,0,21888,42872,0,0,42.9,0x0,nessuno,36308
1790714869.1,191824,234172,0,0,,,0,0,17596,42872,0,0,42.9,0x0,nessuno,58176
1790714899.1,193324,234172,0,0,,,0,0,17916,42872,0,0,43.5,0x0,nessuno,57904
1790714929.1,194668,234172,0,0,,,0,0,17908,42872,0,0,42.9,0x0,nessuno,57316
1790714959.1,192200,234172,0,0,,,0,0,17620,42872,0,0,43.5,0x0,nessuno,59380
1790714989.1,193876,234172,0,0,,,0,0,17492,42872,0,0,44.5,0x0,nessuno,58488
1790715019.1,195324,234172,0,0,,,0,0,17236,42872,0,0,44.0,0x0,nessuno,58068
1790715049.1,197176,234172,0,0,,,0,0,17560,42872,0,0,42.9,0x0,nessuno,56700
1790715079.1,197240,234172,0,0,,,0,0,18172,42872,0,0,42.9,0x0,nessuno,56688
1790715109.1,206440,234172,0,0,,,0,0,18056,42872,0,0,42.9,0x0,nessuno,56732
1790715139.2,197128,234172,0,0,,,0,0,17248,42872,0,0,42.4,0x0,nessuno,56844
1790715169.2,204236,234172,0,0,,,0,0,18044,42872,0,0,42.9,0x0,nessuno,56836
1790715199.2,,,0,0,,,0,0,17088,42872,0,0,41.9,0x0,nessuno,14772
1790715229.2,,,0,0,,,0,0,17924,42872,0,0,40.8,0x0,nessuno,14708
